"STATION","NAME","DATE","TAVG","TMAX","TMIN"
"USW00094846","CHICAGO OHARE INTERNATIONAL AIRPORT, IL US","2022-01-01","36","38","24"
"USW00094846","CHICAGO OHARE INTERNATIONAL AIRPORT, IL US","2022-01-02","24","28","13"
"USW00094846","CHICAGO OHARE INTERNATIONAL AIRPORT, IL US","2022-01-03","15","22","9"
"USW00094846","CHICAGO OHARE INTERNATIONAL AIRPORT, IL US","2022-01-04","26","35","22"
"USW00094846","CHICAGO OHARE INTERNATIONAL AIRPORT, IL US","2022-01-05","24","34","12"
"USW00094846","CHICAGO OHARE INTERNATIONAL AIRPORT, IL US","2022-01-06","11","15","4"
"USW00094846","CHICAGO OHARE INTERNATIONAL AIRPORT, IL US","2022-01-07","6","15","-1"
"USW00094846","CHICAGO OHARE INTERNATIONAL AIRPORT, IL US","2022-01-08","18","34","13"
"USW00094846","CHICAGO OHARE INTERNATIONAL AIRPORT, IL US","2022-01-09","28","34","9"
"USW00094846","CHICAGO OHARE INTERNATIONAL AIRPORT, IL US","2022-01-10","13","16","5"
"USW00094846","CHICAGO OHARE INTERNATIONAL AIRPORT, IL US","2022-01-11","13","36","4"
"USW00094846","CHICAGO OHARE INTERNATIONAL AIRPORT, IL US","2022-01-12","36","41","31"
"USW00094846","CHICAGO OHARE INTERNATIONAL AIRPORT, IL US","2022-01-13","35","40","29"
"USW00094846","CHICAGO OHARE INTERNATIONAL AIRPORT, IL US","2022-01-14","33","36","26"
"USW00094846","CHICAGO OHARE INTERNATIONAL AIRPORT, IL US","2022-01-15","25","26","16"
"USW00094846","CHICAGO OHARE INTERNATIONAL AIRPORT, IL US","2022-01-16","20","29","12"
"USW00094846","CHICAGO OHARE INTERNATIONAL AIRPORT, IL US","2022-01-17","25","28","22"
"USW00094846","CHICAGO OHARE INTERNATIONAL AIRPORT, IL US","2022-01-18","28","44","20"
"USW00094846","CHICAGO OHARE INTERNATIONAL AIRPORT, IL US","2022-01-19","30","40","10"
"USW00094846","CHICAGO OHARE INTERNATIONAL AIRPORT, IL US","2022-01-20","12","19","6"
"USW00094846","CHICAGO OHARE INTERNATIONAL AIRPORT, IL US","2022-01-21","14","25","6"
"USW00094846","CHICAGO OHARE INTERNATIONAL AIRPORT, IL US","2022-01-22","23","33","19"
"USW00094846","CHICAGO OHARE INTERNATIONAL AIRPORT, IL US","2022-01-23","19","21","7"
"USW00094846","CHICAGO OHARE INTERNATIONAL AIRPORT, IL US","2022-01-24","17","26","10"
"USW00094846","CHICAGO OHARE INTERNATIONAL AIRPORT, IL US","2022-01-25","10","12","0"
"USW00094846","CHICAGO OHARE INTERNATIONAL AIRPORT, IL US","2022-01-26","2","15","-6"
"USW00094846","CHICAGO OHARE INTERNATIONAL AIRPORT, IL US","2022-01-27","20","32","14"
"USW00094846","CHICAGO OHARE INTERNATIONAL AIRPORT, IL US","2022-01-28","22","26","11"
"USW00094846","CHICAGO OHARE INTERNATIONAL AIRPORT, IL US","2022-01-29","14","22","7"
"USW00094846","CHICAGO OHARE INTERNATIONAL AIRPORT, IL US","2022-01-30","21","31","11"
"USW00094846","CHICAGO OHARE INTERNATIONAL AIRPORT, IL US","2022-01-31","29","33","25"
"USW00094846","CHICAGO OHARE INTERNATIONAL AIRPORT, IL US","2022-02-01","37","46","32"
"USW00094846","CHICAGO OHARE INTERNATIONAL AIRPORT, IL US","2022-02-02","26","33","16"
"USW00094846","CHICAGO OHARE INTERNATIONAL AIRPORT, IL US","2022-02-03","18","24","16"
"USW00094846","CHICAGO OHARE INTERNATIONAL AIRPORT, IL US","2022-02-04","19","24","10"
"USW00094846","CHICAGO OHARE INTERNATIONAL AIRPORT, IL US","2022-02-05","13","20","4"
"USW00094846","CHICAGO OHARE INTERNATIONAL AIRPORT, IL US","2022-02-06","22","33","18"
"USW00094846","CHICAGO OHARE INTERNATIONAL AIRPORT, IL US","2022-02-07","25","31","18"
"USW00094846","CHICAGO OHARE INTERNATIONAL AIRPORT, IL US","2022-02-08","24","38","19"
"USW00094846","CHICAGO OHARE INTERNATIONAL AIRPORT, IL US","2022-02-09","36","41","32"
"USW00094846","CHICAGO OHARE INTERNATIONAL AIRPORT, IL US","2022-02-10","32","35","27"
"USW00094846","CHICAGO OHARE INTERNATIONAL AIRPORT, IL US","2022-02-11","36","44","28"
"USW00094846","CHICAGO OHARE INTERNATIONAL AIRPORT, IL US","2022-02-12","22","28","13"
"USW00094846","CHICAGO OHARE INTERNATIONAL AIRPORT, IL US","2022-02-13","15","20","12"
"USW00094846","CHICAGO OHARE INTERNATIONAL AIRPORT, IL US","2022-02-14","17","26","14"
"USW00094846","CHICAGO OHARE INTERNATIONAL AIRPORT, IL US","2022-02-15","28","45","22"
"USW00094846","CHICAGO OHARE INTERNATIONAL AIRPORT, IL US","2022-02-16","46","55","41"
"USW00094846","CHICAGO OHARE INTERNATIONAL AIRPORT, IL US","2022-02-17","35","41","16"
"USW00094846","CHICAGO OHARE INTERNATIONAL AIRPORT, IL US","2022-02-18","17","31","7"
"USW00094846","CHICAGO OHARE INTERNATIONAL AIRPORT, IL US","2022-02-19","19","25","9"
"USW00094846","CHICAGO OHARE INTERNATIONAL AIRPORT, IL US","2022-02-20","29","47","17"
"USW00094846","CHICAGO OHARE INTERNATIONAL AIRPORT, IL US","2022-02-21","40","48","32"
"USW00094846","CHICAGO OHARE INTERNATIONAL AIRPORT, IL US","2022-02-22","38","44","23"
"USW00094846","CHICAGO OHARE INTERNATIONAL AIRPORT, IL US","2022-02-23","21","23","15"
"USW00094846","CHICAGO OHARE INTERNATIONAL AIRPORT, IL US","2022-02-24","24","27","21"
"USW00094846","CHICAGO OHARE INTERNATIONAL AIRPORT, IL US","2022-02-25","25","31","18"
"USW00094846","CHICAGO OHARE INTERNATIONAL AIRPORT, IL US","2022-02-26","21","31","13"
"USW00094846","CHICAGO OHARE INTERNATIONAL AIRPORT, IL US","2022-02-27","32","43","26"
"USW00094846","CHICAGO OHARE INTERNATIONAL AIRPORT, IL US","2022-02-28","37","53","27"
"USW00094846","CHICAGO OHARE INTERNATIONAL AIRPORT, IL US","2022-03-01","44","54","36"
"USW00094846","CHICAGO OHARE INTERNATIONAL AIRPORT, IL US","2022-03-02","41","58","33"
"USW00094846","CHICAGO OHARE INTERNATIONAL AIRPORT, IL US","2022-03-03","34","36","28"
"USW00094846","CHICAGO OHARE INTERNATIONAL AIRPORT, IL US","2022-03-04","33","41","28"
"USW00094846","CHICAGO OHARE INTERNATIONAL AIRPORT, IL US","2022-03-05","49","69","39"
"USW00094846","CHICAGO OHARE INTERNATIONAL AIRPORT, IL US","2022-03-06","47","59","35"
"USW00094846","CHICAGO OHARE INTERNATIONAL AIRPORT, IL US","2022-03-07","34","36","30"
"USW00094846","CHICAGO OHARE INTERNATIONAL AIRPORT, IL US","2022-03-08","32","39","27"
"USW00094846","CHICAGO OHARE INTERNATIONAL AIRPORT, IL US","2022-03-09","34","41","27"
"USW00094846","CHICAGO OHARE INTERNATIONAL AIRPORT, IL US","2022-03-10","28","31","22"
"USW00094846","CHICAGO OHARE INTERNATIONAL AIRPORT, IL US","2022-03-11","24","31","16"
"USW00094846","CHICAGO OHARE INTERNATIONAL AIRPORT, IL US","2022-03-12","17","23","11"
"USW00094846","CHICAGO OHARE INTERNATIONAL AIRPORT, IL US","2022-03-13","31","51","21"
"USW00094846","CHICAGO OHARE INTERNATIONAL AIRPORT, IL US","2022-03-14","48","63","37"
"USW00094846","CHICAGO OHARE INTERNATIONAL AIRPORT, IL US","2022-03-15","43","54","36"
"USW00094846","CHICAGO OHARE INTERNATIONAL AIRPORT, IL US","2022-03-16","49","70","36"
"USW00094846","CHICAGO OHARE INTERNATIONAL AIRPORT, IL US","2022-03-17","58","73","47"
"USW00094846","CHICAGO OHARE INTERNATIONAL AIRPORT, IL US","2022-03-18","45","47","40"
"USW00094846","CHICAGO OHARE INTERNATIONAL AIRPORT, IL US","2022-03-19","40","43","37"
"USW00094846","CHICAGO OHARE INTERNATIONAL AIRPORT, IL US","2022-03-20","45","63","34"
"USW00094846","CHICAGO OHARE INTERNATIONAL AIRPORT, IL US","2022-03-21","56","74","42"
"USW00094846","CHICAGO OHARE INTERNATIONAL AIRPORT, IL US","2022-03-22","54","56","45"
"USW00094846","CHICAGO OHARE INTERNATIONAL AIRPORT, IL US","2022-03-23","52","58","46"
"USW00094846","CHICAGO OHARE INTERNATIONAL AIRPORT, IL US","2022-03-24","45","46","39"
"USW00094846","CHICAGO OHARE INTERNATIONAL AIRPORT, IL US","2022-03-25","41","47","35"
"USW00094846","CHICAGO OHARE INTERNATIONAL AIRPORT, IL US","2022-03-26","33","35","26"
"USW00094846","CHICAGO OHARE INTERNATIONAL AIRPORT, IL US","2022-03-27","29","36","22"
"USW00094846","CHICAGO OHARE INTERNATIONAL AIRPORT, IL US","2022-03-28","29","35","22"
"USW00094846","CHICAGO OHARE INTERNATIONAL AIRPORT, IL US","2022-03-29","33","44","29"
"USW00094846","CHICAGO OHARE INTERNATIONAL AIRPORT, IL US","2022-03-30","50","60","44"
"USW00094846","CHICAGO OHARE INTERNATIONAL AIRPORT, IL US","2022-03-31","44","48","33"
"USW00094846","CHICAGO OHARE INTERNATIONAL AIRPORT, IL US","2022-04-01","37","46","31"
"USW00094846","CHICAGO OHARE INTERNATIONAL AIRPORT, IL US","2022-04-02","36","42","33"
"USW00094846","CHICAGO OHARE INTERNATIONAL AIRPORT, IL US","2022-04-03","40","50","33"
"USW00094846","CHICAGO OHARE INTERNATIONAL AIRPORT, IL US","2022-04-04","44","52","40"
"USW00094846","CHICAGO OHARE INTERNATIONAL AIRPORT, IL US","2022-04-05","45","53","38"
"USW00094846","CHICAGO OHARE INTERNATIONAL AIRPORT, IL US","2022-04-06","51","56","43"
"USW00094846","CHICAGO OHARE INTERNATIONAL AIRPORT, IL US","2022-04-07","43","44","38"
"USW00094846","CHICAGO OHARE INTERNATIONAL AIRPORT, IL US","2022-04-08","39","41","33"
"USW00094846","CHICAGO OHARE INTERNATIONAL AIRPORT, IL US","2022-04-09","39","54","32"
"USW00094846","CHICAGO OHARE INTERNATIONAL AIRPORT, IL US","2022-04-10","45","64","32"
"USW00094846","CHICAGO OHARE INTERNATIONAL AIRPORT, IL US","2022-04-11","57","62","45"
"USW00094846","CHICAGO OHARE INTERNATIONAL AIRPORT, IL US","2022-04-12","55","69","40"
"USW00094846","CHICAGO OHARE INTERNATIONAL AIRPORT, IL US","2022-04-13","66","72","39"
"USW00094846","CHICAGO OHARE INTERNATIONAL AIRPORT, IL US","2022-04-14","44","51","35"
"USW00094846","CHICAGO OHARE INTERNATIONAL AIRPORT, IL US","2022-04-15","46","53","40"
"USW00094846","CHICAGO OHARE INTERNATIONAL AIRPORT, IL US","2022-04-16","41","49","32"
"USW00094846","CHICAGO OHARE INTERNATIONAL AIRPORT, IL US","2022-04-17","37","43","29"
"USW00094846","CHICAGO OHARE INTERNATIONAL AIRPORT, IL US","2022-04-18","36","41","33"
"USW00094846","CHICAGO OHARE INTERNATIONAL AIRPORT, IL US","2022-04-19","40","51","36"
"USW00094846","CHICAGO OHARE INTERNATIONAL AIRPORT, IL US","2022-04-20","45","52","41"
"USW00094846","CHICAGO OHARE INTERNATIONAL AIRPORT, IL US","2022-04-21","55","68","50"
"USW00094846","CHICAGO OHARE INTERNATIONAL AIRPORT, IL US","2022-04-22","52","53","46"
"USW00094846","CHICAGO OHARE INTERNATIONAL AIRPORT, IL US","2022-04-23","63","84","51"
"USW00094846","CHICAGO OHARE INTERNATIONAL AIRPORT, IL US","2022-04-24","70","73","54"
"USW00094846","CHICAGO OHARE INTERNATIONAL AIRPORT, IL US","2022-04-25","53","54","41"
"USW00094846","CHICAGO OHARE INTERNATIONAL AIRPORT, IL US","2022-04-26","43","51","34"
"USW00094846","CHICAGO OHARE INTERNATIONAL AIRPORT, IL US","2022-04-27","38","41","33"
"USW00094846","CHICAGO OHARE INTERNATIONAL AIRPORT, IL US","2022-04-28","42","50","38"
"USW00094846","CHICAGO OHARE INTERNATIONAL AIRPORT, IL US","2022-04-29","53","66","47"
"USW00094846","CHICAGO OHARE INTERNATIONAL AIRPORT, IL US","2022-04-30","58","69","51"
"USW00094846","CHICAGO OHARE INTERNATIONAL AIRPORT, IL US","2022-05-01","55","56","49"
"USW00094846","CHICAGO OHARE INTERNATIONAL AIRPORT, IL US","2022-05-02","50","54","48"
"USW00094846","CHICAGO OHARE INTERNATIONAL AIRPORT, IL US","2022-05-03","48","50","44"
"USW00094846","CHICAGO OHARE INTERNATIONAL AIRPORT, IL US","2022-05-04","46","56","39"
"USW00094846","CHICAGO OHARE INTERNATIONAL AIRPORT, IL US","2022-05-05","48","53","42"
"USW00094846","CHICAGO OHARE INTERNATIONAL AIRPORT, IL US","2022-05-06","49","53","47"
"USW00094846","CHICAGO OHARE INTERNATIONAL AIRPORT, IL US","2022-05-07","54","64","43"
"USW00094846","CHICAGO OHARE INTERNATIONAL AIRPORT, IL US","2022-05-08","54","65","43"
"USW00094846","CHICAGO OHARE INTERNATIONAL AIRPORT, IL US","2022-05-09","66","83","56"
"USW00094846","CHICAGO OHARE INTERNATIONAL AIRPORT, IL US","2022-05-10","77","89","69"
"USW00094846","CHICAGO OHARE INTERNATIONAL AIRPORT, IL US","2022-05-11","83","90","74"
"USW00094846","CHICAGO OHARE INTERNATIONAL AIRPORT, IL US","2022-05-12","81","91","74"
"USW00094846","CHICAGO OHARE INTERNATIONAL AIRPORT, IL US","2022-05-13","80","89","68"
"USW00094846","CHICAGO OHARE INTERNATIONAL AIRPORT, IL US","2022-05-14","77","86","67"
"USW00094846","CHICAGO OHARE INTERNATIONAL AIRPORT, IL US","2022-05-15","71","76","58"
"USW00094846","CHICAGO OHARE INTERNATIONAL AIRPORT, IL US","2022-05-16","65","78","54"
"USW00094846","CHICAGO OHARE INTERNATIONAL AIRPORT, IL US","2022-05-17","61","68","51"
"USW00094846","CHICAGO OHARE INTERNATIONAL AIRPORT, IL US","2022-05-18","55","60","52"
"USW00094846","CHICAGO OHARE INTERNATIONAL AIRPORT, IL US","2022-05-19","66","86","53"
"USW00094846","CHICAGO OHARE INTERNATIONAL AIRPORT, IL US","2022-05-20","75","86","58"
"USW00094846","CHICAGO OHARE INTERNATIONAL AIRPORT, IL US","2022-05-21","61","62","54"
"USW00094846","CHICAGO OHARE INTERNATIONAL AIRPORT, IL US","2022-05-22","58","63","50"
"USW00094846","CHICAGO OHARE INTERNATIONAL AIRPORT, IL US","2022-05-23","54","61","45"
"USW00094846","CHICAGO OHARE INTERNATIONAL AIRPORT, IL US","2022-05-24","57","66","49"
"USW00094846","CHICAGO OHARE INTERNATIONAL AIRPORT, IL US","2022-05-25","62","79","54"
"USW00094846","CHICAGO OHARE INTERNATIONAL AIRPORT, IL US","2022-05-26","72","77","64"
"USW00094846","CHICAGO OHARE INTERNATIONAL AIRPORT, IL US","2022-05-27","60","64","51"
"USW00094846","CHICAGO OHARE INTERNATIONAL AIRPORT, IL US","2022-05-28","61","74","49"
"USW00094846","CHICAGO OHARE INTERNATIONAL AIRPORT, IL US","2022-05-29","72","85","63"
"USW00094846","CHICAGO OHARE INTERNATIONAL AIRPORT, IL US","2022-05-30","78","89","70"
"USW00094846","CHICAGO OHARE INTERNATIONAL AIRPORT, IL US","2022-05-31","81","86","74"
"USW00094846","CHICAGO OHARE INTERNATIONAL AIRPORT, IL US","2022-06-01","73","74","59"
"USW00094846","CHICAGO OHARE INTERNATIONAL AIRPORT, IL US","2022-06-02","66","77","58"
"USW00094846","CHICAGO OHARE INTERNATIONAL AIRPORT, IL US","2022-06-03","70","81","58"
"USW00094846","CHICAGO OHARE INTERNATIONAL AIRPORT, IL US","2022-06-04","65","71","54"
"USW00094846","CHICAGO OHARE INTERNATIONAL AIRPORT, IL US","2022-06-05","66","77","58"
"USW00094846","CHICAGO OHARE INTERNATIONAL AIRPORT, IL US","2022-06-06","69","76","57"
"USW00094846","CHICAGO OHARE INTERNATIONAL AIRPORT, IL US","2022-06-07","62","72","56"
"USW00094846","CHICAGO OHARE INTERNATIONAL AIRPORT, IL US","2022-06-08","62","69","56"
"USW00094846","CHICAGO OHARE INTERNATIONAL AIRPORT, IL US","2022-06-09","63","78","53"
"USW00094846","CHICAGO OHARE INTERNATIONAL AIRPORT, IL US","2022-06-10","67","78","58"
"USW00094846","CHICAGO OHARE INTERNATIONAL AIRPORT, IL US","2022-06-11","65","73","59"
"USW00094846","CHICAGO OHARE INTERNATIONAL AIRPORT, IL US","2022-06-12","67","70","58"
"USW00094846","CHICAGO OHARE INTERNATIONAL AIRPORT, IL US","2022-06-13","70","89","57"
"USW00094846","CHICAGO OHARE INTERNATIONAL AIRPORT, IL US","2022-06-14","81","98","65"
"USW00094846","CHICAGO OHARE INTERNATIONAL AIRPORT, IL US","2022-06-15","89","96","76"
"USW00094846","CHICAGO OHARE INTERNATIONAL AIRPORT, IL US","2022-06-16","85","94","72"
"USW00094846","CHICAGO OHARE INTERNATIONAL AIRPORT, IL US","2022-06-17","79","84","64"
"USW00094846","CHICAGO OHARE INTERNATIONAL AIRPORT, IL US","2022-06-18","68","72","55"
"USW00094846","CHICAGO OHARE INTERNATIONAL AIRPORT, IL US","2022-06-19","66","85","52"
"USW00094846","CHICAGO OHARE INTERNATIONAL AIRPORT, IL US","2022-06-20","79","95","64"
"USW00094846","CHICAGO OHARE INTERNATIONAL AIRPORT, IL US","2022-06-21","85","99","73"
"USW00094846","CHICAGO OHARE INTERNATIONAL AIRPORT, IL US","2022-06-22","85","89","72"
"USW00094846","CHICAGO OHARE INTERNATIONAL AIRPORT, IL US","2022-06-23","77","85","65"
"USW00094846","CHICAGO OHARE INTERNATIONAL AIRPORT, IL US","2022-06-24","78","92","65"
"USW00094846","CHICAGO OHARE INTERNATIONAL AIRPORT, IL US","2022-06-25","74","77","67"
"USW00094846","CHICAGO OHARE INTERNATIONAL AIRPORT, IL US","2022-06-26","75","80","65"
"USW00094846","CHICAGO OHARE INTERNATIONAL AIRPORT, IL US","2022-06-27","70","80","60"
"USW00094846","CHICAGO OHARE INTERNATIONAL AIRPORT, IL US","2022-06-28","72","86","61"
"USW00094846","CHICAGO OHARE INTERNATIONAL AIRPORT, IL US","2022-06-29","77","88","66"
"USW00094846","CHICAGO OHARE INTERNATIONAL AIRPORT, IL US","2022-06-30","81","92","73"
"USW00094846","CHICAGO OHARE INTERNATIONAL AIRPORT, IL US","2022-07-01","78","82","67"
"USW00094846","CHICAGO OHARE INTERNATIONAL AIRPORT, IL US","2022-07-02","75","87","65"
"USW00094846","CHICAGO OHARE INTERNATIONAL AIRPORT, IL US","2022-07-03","79","88","68"
"USW00094846","CHICAGO OHARE INTERNATIONAL AIRPORT, IL US","2022-07-04","78","87","69"
"USW00094846","CHICAGO OHARE INTERNATIONAL AIRPORT, IL US","2022-07-05","81","94","69"
"USW00094846","CHICAGO OHARE INTERNATIONAL AIRPORT, IL US","2022-07-06","74","80","68"
"USW00094846","CHICAGO OHARE INTERNATIONAL AIRPORT, IL US","2022-07-07","75","86","68"
"USW00094846","CHICAGO OHARE INTERNATIONAL AIRPORT, IL US","2022-07-08","75","77","67"
"USW00094846","CHICAGO OHARE INTERNATIONAL AIRPORT, IL US","2022-07-09","71","76","63"
"USW00094846","CHICAGO OHARE INTERNATIONAL AIRPORT, IL US","2022-07-10","72","86","59"
"USW00094846","CHICAGO OHARE INTERNATIONAL AIRPORT, IL US","2022-07-11","77","85","71"
"USW00094846","CHICAGO OHARE INTERNATIONAL AIRPORT, IL US","2022-07-12","77","86","68"
"USW00094846","CHICAGO OHARE INTERNATIONAL AIRPORT, IL US","2022-07-13","75","80","64"
"USW00094846","CHICAGO OHARE INTERNATIONAL AIRPORT, IL US","2022-07-14","71","80","61"
"USW00094846","CHICAGO OHARE INTERNATIONAL AIRPORT, IL US","2022-07-15","69","72","66"
"USW00094846","CHICAGO OHARE INTERNATIONAL AIRPORT, IL US","2022-07-16","71","75","67"
"USW00094846","CHICAGO OHARE INTERNATIONAL AIRPORT, IL US","2022-07-17","72","77","69"
"USW00094846","CHICAGO OHARE INTERNATIONAL AIRPORT, IL US","2022-07-18","77","89","68"
"USW00094846","CHICAGO OHARE INTERNATIONAL AIRPORT, IL US","2022-07-19","81","90","71"
"USW00094846","CHICAGO OHARE INTERNATIONAL AIRPORT, IL US","2022-07-20","82","87","76"
"USW00094846","CHICAGO OHARE INTERNATIONAL AIRPORT, IL US","2022-07-21","80","92","69"
"USW00094846","CHICAGO OHARE INTERNATIONAL AIRPORT, IL US","2022-07-22","81","91","69"
"USW00094846","CHICAGO OHARE INTERNATIONAL AIRPORT, IL US","2022-07-23","78","86","68"
"USW00094846","CHICAGO OHARE INTERNATIONAL AIRPORT, IL US","2022-07-24","80","86","71"
"USW00094846","CHICAGO OHARE INTERNATIONAL AIRPORT, IL US","2022-07-25","73","76","64"
"USW00094846","CHICAGO OHARE INTERNATIONAL AIRPORT, IL US","2022-07-26","72","82","64"
"USW00094846","CHICAGO OHARE INTERNATIONAL AIRPORT, IL US","2022-07-27","75","83","70"
"USW00094846","CHICAGO OHARE INTERNATIONAL AIRPORT, IL US","2022-07-28","75","80","67"
"USW00094846","CHICAGO OHARE INTERNATIONAL AIRPORT, IL US","2022-07-29","72","81","62"
"USW00094846","CHICAGO OHARE INTERNATIONAL AIRPORT, IL US","2022-07-30","74","83","63"
"USW00094846","CHICAGO OHARE INTERNATIONAL AIRPORT, IL US","2022-07-31","76","85","66"
"USW00094846","CHICAGO OHARE INTERNATIONAL AIRPORT, IL US","2022-08-01","78","85","72"
"USW00094846","CHICAGO OHARE INTERNATIONAL AIRPORT, IL US","2022-08-02","78","90","68"
"USW00094846","CHICAGO OHARE INTERNATIONAL AIRPORT, IL US","2022-08-03","81","91","75"
"USW00094846","CHICAGO OHARE INTERNATIONAL AIRPORT, IL US","2022-08-04","78","83","69"
"USW00094846","CHICAGO OHARE INTERNATIONAL AIRPORT, IL US","2022-08-05","77","88","67"
"USW00094846","CHICAGO OHARE INTERNATIONAL AIRPORT, IL US","2022-08-06","83","95","74"
"USW00094846","CHICAGO OHARE INTERNATIONAL AIRPORT, IL US","2022-08-07","80","83","75"
"USW00094846","CHICAGO OHARE INTERNATIONAL AIRPORT, IL US","2022-08-08","76","81","65"
"USW00094846","CHICAGO OHARE INTERNATIONAL AIRPORT, IL US","2022-08-09","69","77","61"
"USW00094846","CHICAGO OHARE INTERNATIONAL AIRPORT, IL US","2022-08-10","72","85","60"
"USW00094846","CHICAGO OHARE INTERNATIONAL AIRPORT, IL US","2022-08-11","75","79","61"
"USW00094846","CHICAGO OHARE INTERNATIONAL AIRPORT, IL US","2022-08-12","69","77","58"
"USW00094846","CHICAGO OHARE INTERNATIONAL AIRPORT, IL US","2022-08-13","72","79","67"
"USW00094846","CHICAGO OHARE INTERNATIONAL AIRPORT, IL US","2022-08-14","72","77","66"
"USW00094846","CHICAGO OHARE INTERNATIONAL AIRPORT, IL US","2022-08-15","71","79","66"
"USW00094846","CHICAGO OHARE INTERNATIONAL AIRPORT, IL US","2022-08-16","71","81","62"
"USW00094846","CHICAGO OHARE INTERNATIONAL AIRPORT, IL US","2022-08-17","71","82","62"
"USW00094846","CHICAGO OHARE INTERNATIONAL AIRPORT, IL US","2022-08-18","72","84","61"
"USW00094846","CHICAGO OHARE INTERNATIONAL AIRPORT, IL US","2022-08-19","76","86","68"
"USW00094846","CHICAGO OHARE INTERNATIONAL AIRPORT, IL US","2022-08-20","72","77","65"
"USW00094846","CHICAGO OHARE INTERNATIONAL AIRPORT, IL US","2022-08-21","73","79","66"
"USW00094846","CHICAGO OHARE INTERNATIONAL AIRPORT, IL US","2022-08-22","73","85","64"
"USW00094846","CHICAGO OHARE INTERNATIONAL AIRPORT, IL US","2022-08-23","73","85","64"
"USW00094846","CHICAGO OHARE INTERNATIONAL AIRPORT, IL US","2022-08-24","76","85","67"
"USW00094846","CHICAGO OHARE INTERNATIONAL AIRPORT, IL US","2022-08-25","73","81","66"
"USW00094846","CHICAGO OHARE INTERNATIONAL AIRPORT, IL US","2022-08-26","72","78","63"
"USW00094846","CHICAGO OHARE INTERNATIONAL AIRPORT, IL US","2022-08-27","70","83","59"
"USW00094846","CHICAGO OHARE INTERNATIONAL AIRPORT, IL US","2022-08-28","77","89","68"
"USW00094846","CHICAGO OHARE INTERNATIONAL AIRPORT, IL US","2022-08-29","76","85","70"
"USW00094846","CHICAGO OHARE INTERNATIONAL AIRPORT, IL US","2022-08-30","74","80","65"
"USW00094846","CHICAGO OHARE INTERNATIONAL AIRPORT, IL US","2022-08-31","72","85","62"
"USW00094846","CHICAGO OHARE INTERNATIONAL AIRPORT, IL US","2022-09-01","77","88","67"
"USW00094846","CHICAGO OHARE INTERNATIONAL AIRPORT, IL US","2022-09-02","78","86","70"
"USW00094846","CHICAGO OHARE INTERNATIONAL AIRPORT, IL US","2022-09-03","77","88","68"
"USW00094846","CHICAGO OHARE INTERNATIONAL AIRPORT, IL US","2022-09-04","70","73","67"
"USW00094846","CHICAGO OHARE INTERNATIONAL AIRPORT, IL US","2022-09-05","68","70","64"
"USW00094846","CHICAGO OHARE INTERNATIONAL AIRPORT, IL US","2022-09-06","71","80","64"
"USW00094846","CHICAGO OHARE INTERNATIONAL AIRPORT, IL US","2022-09-07","71","81","63"
"USW00094846","CHICAGO OHARE INTERNATIONAL AIRPORT, IL US","2022-09-08","72","84","62"
"USW00094846","CHICAGO OHARE INTERNATIONAL AIRPORT, IL US","2022-09-09","73","84","62"
"USW00094846","CHICAGO OHARE INTERNATIONAL AIRPORT, IL US","2022-09-10","74","84","63"
"USW00094846","CHICAGO OHARE INTERNATIONAL AIRPORT, IL US","2022-09-11","69","71","58"
"USW00094846","CHICAGO OHARE INTERNATIONAL AIRPORT, IL US","2022-09-12","59","67","54"
"USW00094846","CHICAGO OHARE INTERNATIONAL AIRPORT, IL US","2022-09-13","66","78","60"
"USW00094846","CHICAGO OHARE INTERNATIONAL AIRPORT, IL US","2022-09-14","68","79","58"
"USW00094846","CHICAGO OHARE INTERNATIONAL AIRPORT, IL US","2022-09-15","69","81","60"
"USW00094846","CHICAGO OHARE INTERNATIONAL AIRPORT, IL US","2022-09-16","73","82","63"
"USW00094846","CHICAGO OHARE INTERNATIONAL AIRPORT, IL US","2022-09-17","76","85","68"
"USW00094846","CHICAGO OHARE INTERNATIONAL AIRPORT, IL US","2022-09-18","77","85","67"
"USW00094846","CHICAGO OHARE INTERNATIONAL AIRPORT, IL US","2022-09-19","73","78","63"
"USW00094846","CHICAGO OHARE INTERNATIONAL AIRPORT, IL US","2022-09-20","72","86","63"
"USW00094846","CHICAGO OHARE INTERNATIONAL AIRPORT, IL US","2022-09-21","78","85","60"
"USW00094846","CHICAGO OHARE INTERNATIONAL AIRPORT, IL US","2022-09-22","61","64","50"
"USW00094846","CHICAGO OHARE INTERNATIONAL AIRPORT, IL US","2022-09-23","56","64","50"
"USW00094846","CHICAGO OHARE INTERNATIONAL AIRPORT, IL US","2022-09-24","60","71","52"
"USW00094846","CHICAGO OHARE INTERNATIONAL AIRPORT, IL US","2022-09-25","61","68","55"
"USW00094846","CHICAGO OHARE INTERNATIONAL AIRPORT, IL US","2022-09-26","57","64","51"
"USW00094846","CHICAGO OHARE INTERNATIONAL AIRPORT, IL US","2022-09-27","53","61","46"
"USW00094846","CHICAGO OHARE INTERNATIONAL AIRPORT, IL US","2022-09-28","52","61","45"
"USW00094846","CHICAGO OHARE INTERNATIONAL AIRPORT, IL US","2022-09-29","53","64","44"
"USW00094846","CHICAGO OHARE INTERNATIONAL AIRPORT, IL US","2022-09-30","56","67","47"
"USW00094846","CHICAGO OHARE INTERNATIONAL AIRPORT, IL US","2022-10-01","58","68","50"
"USW00094846","CHICAGO OHARE INTERNATIONAL AIRPORT, IL US","2022-10-02","58","65","51"
"USW00094846","CHICAGO OHARE INTERNATIONAL AIRPORT, IL US","2022-10-03","56","70","45"
"USW00094846","CHICAGO OHARE INTERNATIONAL AIRPORT, IL US","2022-10-04","57","74","45"
"USW00094846","CHICAGO OHARE INTERNATIONAL AIRPORT, IL US","2022-10-05","61","76","48"
"USW00094846","CHICAGO OHARE INTERNATIONAL AIRPORT, IL US","2022-10-06","64","76","51"
"USW00094846","CHICAGO OHARE INTERNATIONAL AIRPORT, IL US","2022-10-07","51","57","40"
"USW00094846","CHICAGO OHARE INTERNATIONAL AIRPORT, IL US","2022-10-08","46","58","38"
"USW00094846","CHICAGO OHARE INTERNATIONAL AIRPORT, IL US","2022-10-09","53","69","42"
"USW00094846","CHICAGO OHARE INTERNATIONAL AIRPORT, IL US","2022-10-10","59","73","46"
"USW00094846","CHICAGO OHARE INTERNATIONAL AIRPORT, IL US","2022-10-11","58","69","50"
"USW00094846","CHICAGO OHARE INTERNATIONAL AIRPORT, IL US","2022-10-12","60","65","49"
"USW00094846","CHICAGO OHARE INTERNATIONAL AIRPORT, IL US","2022-10-13","49","55","38"
"USW00094846","CHICAGO OHARE INTERNATIONAL AIRPORT, IL US","2022-10-14","46","59","39"
"USW00094846","CHICAGO OHARE INTERNATIONAL AIRPORT, IL US","2022-10-15","44","53","35"
"USW00094846","CHICAGO OHARE INTERNATIONAL AIRPORT, IL US","2022-10-16","48","54","40"
"USW00094846","CHICAGO OHARE INTERNATIONAL AIRPORT, IL US","2022-10-17","41","43","36"
"USW00094846","CHICAGO OHARE INTERNATIONAL AIRPORT, IL US","2022-10-18","40","49","35"
"USW00094846","CHICAGO OHARE INTERNATIONAL AIRPORT, IL US","2022-10-19","42","48","33"
"USW00094846","CHICAGO OHARE INTERNATIONAL AIRPORT, IL US","2022-10-20","43","62","33"
"USW00094846","CHICAGO OHARE INTERNATIONAL AIRPORT, IL US","2022-10-21","55","76","43"
"USW00094846","CHICAGO OHARE INTERNATIONAL AIRPORT, IL US","2022-10-22","67","79","56"
"USW00094846","CHICAGO OHARE INTERNATIONAL AIRPORT, IL US","2022-10-23","69","79","62"
"USW00094846","CHICAGO OHARE INTERNATIONAL AIRPORT, IL US","2022-10-24","70","76","63"
"USW00094846","CHICAGO OHARE INTERNATIONAL AIRPORT, IL US","2022-10-25","64","70","46"
"USW00094846","CHICAGO OHARE INTERNATIONAL AIRPORT, IL US","2022-10-26","48","54","40"
"USW00094846","CHICAGO OHARE INTERNATIONAL AIRPORT, IL US","2022-10-27","45","54","37"
"USW00094846","CHICAGO OHARE INTERNATIONAL AIRPORT, IL US","2022-10-28","51","61","44"
"USW00094846","CHICAGO OHARE INTERNATIONAL AIRPORT, IL US","2022-10-29","51","67","39"
"USW00094846","CHICAGO OHARE INTERNATIONAL AIRPORT, IL US","2022-10-30","53","65","45"
"USW00094846","CHICAGO OHARE INTERNATIONAL AIRPORT, IL US","2022-10-31","55","57","50"
"USW00094846","CHICAGO OHARE INTERNATIONAL AIRPORT, IL US","2022-11-01","55","68","45"
"USW00094846","CHICAGO OHARE INTERNATIONAL AIRPORT, IL US","2022-11-02","56","72","43"
"USW00094846","CHICAGO OHARE INTERNATIONAL AIRPORT, IL US","2022-11-03","62","73","52"
"USW00094846","CHICAGO OHARE INTERNATIONAL AIRPORT, IL US","2022-11-04","65","72","61"
"USW00094846","CHICAGO OHARE INTERNATIONAL AIRPORT, IL US","2022-11-05","62","69","45"
"USW00094846","CHICAGO OHARE INTERNATIONAL AIRPORT, IL US","2022-11-06","51","61","45"
"USW00094846","CHICAGO OHARE INTERNATIONAL AIRPORT, IL US","2022-11-07","49","54","39"
"USW00094846","CHICAGO OHARE INTERNATIONAL AIRPORT, IL US","2022-11-08","48","54","44"
"USW00094846","CHICAGO OHARE INTERNATIONAL AIRPORT, IL US","2022-11-09","55","70","47"
"USW00094846","CHICAGO OHARE INTERNATIONAL AIRPORT, IL US","2022-11-10","67","76","60"
"USW00094846","CHICAGO OHARE INTERNATIONAL AIRPORT, IL US","2022-11-11","52","61","32"
"USW00094846","CHICAGO OHARE INTERNATIONAL AIRPORT, IL US","2022-11-12","34","36","32"
"USW00094846","CHICAGO OHARE INTERNATIONAL AIRPORT, IL US","2022-11-13","33","38","28"
"USW00094846","CHICAGO OHARE INTERNATIONAL AIRPORT, IL US","2022-11-14","33","42","27"
"USW00094846","CHICAGO OHARE INTERNATIONAL AIRPORT, IL US","2022-11-15","36","38","33"
"USW00094846","CHICAGO OHARE INTERNATIONAL AIRPORT, IL US","2022-11-16","34","37","31"
"USW00094846","CHICAGO OHARE INTERNATIONAL AIRPORT, IL US","2022-11-17","32","33","29"
"USW00094846","CHICAGO OHARE INTERNATIONAL AIRPORT, IL US","2022-11-18","28","30","21"
"USW00094846","CHICAGO OHARE INTERNATIONAL AIRPORT, IL US","2022-11-19","23","27","16"
"USW00094846","CHICAGO OHARE INTERNATIONAL AIRPORT, IL US","2022-11-20","21","34","13"
"USW00094846","CHICAGO OHARE INTERNATIONAL AIRPORT, IL US","2022-11-21","35","47","30"
"USW00094846","CHICAGO OHARE INTERNATIONAL AIRPORT, IL US","2022-11-22","38","52","26"
"USW00094846","CHICAGO OHARE INTERNATIONAL AIRPORT, IL US","2022-11-23","44","58","34"
"USW00094846","CHICAGO OHARE INTERNATIONAL AIRPORT, IL US","2022-11-24","45","54","35"
"USW00094846","CHICAGO OHARE INTERNATIONAL AIRPORT, IL US","2022-11-25","44","52","33"
"USW00094846","CHICAGO OHARE INTERNATIONAL AIRPORT, IL US","2022-11-26","43","56","34"
"USW00094846","CHICAGO OHARE INTERNATIONAL AIRPORT, IL US","2022-11-27","44","47","35"
"USW00094846","CHICAGO OHARE INTERNATIONAL AIRPORT, IL US","2022-11-28","38","46","29"
"USW00094846","CHICAGO OHARE INTERNATIONAL AIRPORT, IL US","2022-11-29","46","58","34"
"USW00094846","CHICAGO OHARE INTERNATIONAL AIRPORT, IL US","2022-11-30","33","35","20"
"USW00094846","CHICAGO OHARE INTERNATIONAL AIRPORT, IL US","2022-12-01","24","36","18"
"USW00094846","CHICAGO OHARE INTERNATIONAL AIRPORT, IL US","2022-12-02","40","53","36"
"USW00094846","CHICAGO OHARE INTERNATIONAL AIRPORT, IL US","2022-12-03","37","51","21"
"USW00094846","CHICAGO OHARE INTERNATIONAL AIRPORT, IL US","2022-12-04","27","40","19"
"USW00094846","CHICAGO OHARE INTERNATIONAL AIRPORT, IL US","2022-12-05","35","44","29"
"USW00094846","CHICAGO OHARE INTERNATIONAL AIRPORT, IL US","2022-12-06","41","43","36"
"USW00094846","CHICAGO OHARE INTERNATIONAL AIRPORT, IL US","2022-12-07","39","43","34"
"USW00094846","CHICAGO OHARE INTERNATIONAL AIRPORT, IL US","2022-12-08","36","41","30"
"USW00094846","CHICAGO OHARE INTERNATIONAL AIRPORT, IL US","2022-12-09","37","38","34"
"USW00094846","CHICAGO OHARE INTERNATIONAL AIRPORT, IL US","2022-12-10","38","40","37"
"USW00094846","CHICAGO OHARE INTERNATIONAL AIRPORT, IL US","2022-12-11","38","40","36"
"USW00094846","CHICAGO OHARE INTERNATIONAL AIRPORT, IL US","2022-12-12","38","42","35"
"USW00094846","CHICAGO OHARE INTERNATIONAL AIRPORT, IL US","2022-12-13","37","38","35"
"USW00094846","CHICAGO OHARE INTERNATIONAL AIRPORT, IL US","2022-12-14","39","44","37"
"USW00094846","CHICAGO OHARE INTERNATIONAL AIRPORT, IL US","2022-12-15","37","38","31"
"USW00094846","CHICAGO OHARE INTERNATIONAL AIRPORT, IL US","2022-12-16","30","31","26"
"USW00094846","CHICAGO OHARE INTERNATIONAL AIRPORT, IL US","2022-12-17","25","26","21"
"USW00094846","CHICAGO OHARE INTERNATIONAL AIRPORT, IL US","2022-12-18","19","21","14"
"USW00094846","CHICAGO OHARE INTERNATIONAL AIRPORT, IL US","2022-12-19","16","26","10"
"USW00094846","CHICAGO OHARE INTERNATIONAL AIRPORT, IL US","2022-12-20","27","33","18"
"USW00094846","CHICAGO OHARE INTERNATIONAL AIRPORT, IL US","2022-12-21","20","32","11"
"USW00094846","CHICAGO OHARE INTERNATIONAL AIRPORT, IL US","2022-12-22","28","33","-6"
"USW00094846","CHICAGO OHARE INTERNATIONAL AIRPORT, IL US","2022-12-23","-4","-1","-8"
"USW00094846","CHICAGO OHARE INTERNATIONAL AIRPORT, IL US","2022-12-24","4","14","-1"
"USW00094846","CHICAGO OHARE INTERNATIONAL AIRPORT, IL US","2022-12-25","8","14","2"
"USW00094846","CHICAGO OHARE INTERNATIONAL AIRPORT, IL US","2022-12-26","17","22","11"
"USW00094846","CHICAGO OHARE INTERNATIONAL AIRPORT, IL US","2022-12-27","15","25","8"
"USW00094846","CHICAGO OHARE INTERNATIONAL AIRPORT, IL US","2022-12-28","31","45","25"
"USW00094846","CHICAGO OHARE INTERNATIONAL AIRPORT, IL US","2022-12-29","49","59","43"
"USW00094846","CHICAGO OHARE INTERNATIONAL AIRPORT, IL US","2022-12-30","48","57","30"
"USW00094846","CHICAGO OHARE INTERNATIONAL AIRPORT, IL US","2022-12-31","32","39","26"
